<?xml version="1.0" encoding="UTF-8"?>
<user>
    <username>CaliforniaUser</username>
    <fullName>California User</fullName>
    <password>ENC&lt;4A525349560000001065846C1E6D73599377C91AA4F6B22EC46CF761299EEC1A7B0C91565F4BD81CEF&gt;</password>
    <externallyDefined>false</externallyDefined>
    <enabled>true</enabled>
    <role>ROLE_USER</role>
    <role>ROLE_SUPERMART_MANAGER</role>
    <attribute name="State">
        <value>CA</value>
    </attribute>
    <attribute name="Cities">
        <value>San Francisco, Oakland, San Jose</value>
    </attribute>
    <previousPasswordChangeTime>2020-08-04T22:11:31.000-07:00</previousPasswordChangeTime>
    <tenantId>organization_1</tenantId>
</user>
