<?xml version="1.0" encoding="UTF-8"?>
<user>
    <username>demo</username>
    <fullName>Demo User</fullName>
    <password>ENC&lt;4A52534956000000101455274D1F7D7DE8899366B82E62E07CD04CC0077D39436B794C47695ADFF1B0&gt;</password>
    <externallyDefined>false</externallyDefined>
    <enabled>true</enabled>
    <role>ROLE_DEMO</role>
    <role>ROLE_USER</role>
    <previousPasswordChangeTime>2020-08-04T22:11:31.000-07:00</previousPasswordChangeTime>
    <tenantId>organization_1</tenantId>
</user>
