<?xml version="1.0" encoding="UTF-8"?>
<user>
    <username>jasperadmin</username>
    <fullName>jasperadmin User</fullName>
    <password>ENC&lt;4A5253495600000010B3AE5C132BC2AF33E25B4E18DF74F862A1D095A3711365A49647075ACE64C95A&gt;</password>
    <externallyDefined>false</externallyDefined>
    <enabled>true</enabled>
    <role>ROLE_ADMINISTRATOR</role>
    <role>ROLE_USER</role>
    <previousPasswordChangeTime>2020-08-04T22:10:16.000-07:00</previousPasswordChangeTime>
    <tenantId>organization_1</tenantId>
</user>
