<?xml version="1.0" encoding="UTF-8"?>
<jdbcDataSource exportedWithPermissions="true">
    <folder>/datasources</folder>
    <name>JServerJdbcDS</name>
    <version>0</version>
    <label>JServer Jdbc Data Source</label>
    <description>JServer Jdbc Data Source</description>
    <creationDate>2022-07-13T16:32:18.949-07:00</creationDate>
    <updateDate>2022-07-13T16:32:18.949-07:00</updateDate>
    <driver>org.postgresql.Driver</driver>
    <connectionUrl>jdbc:postgresql://ci-catalogs-na2-postgresql.jaspersoft.com:5432/suupdate</connectionUrl>
    <connectionUser>ci_agent</connectionUser>
    <connectionPassword>ENC&lt;4A525349560000001007CF2CD6EEDDC8A166FD86F950D5CA3E0B36599367A3BDA4867FBA53AD68ABC7&gt;</connectionPassword>
</jdbcDataSource>
