<?xml version="1.0" encoding="UTF-8"?>
<jdbcDataSource exportedWithPermissions="true">
    <folder>/organizations/organization_1/datasources</folder>
    <name>JServerJdbcDS</name>
    <version>0</version>
    <label>JServer Jdbc Data Source</label>
    <description>JServer Jdbc Data Source</description>
    <creationDate>2020-08-04T22:11:29.114-07:00</creationDate>
    <updateDate>2020-08-04T22:11:29.114-07:00</updateDate>
    <driver>org.postgresql.Driver</driver>
    <connectionUrl>jdbc:postgresql://ci-catalogs-postgresql.jaspersoft.com:5432/suupdate</connectionUrl>
    <connectionUser>ci_agent</connectionUser>
    <connectionPassword>ENC&lt;4A5253495600000010EF49817B56B718E163D1BB8F528B3F9136B7D05A121C9B6B36FFF5D1DD5466F5&gt;</connectionPassword>
</jdbcDataSource>
