<?xml version="1.0" encoding="UTF-8"?>
<folder exportedWithPermissions="true">
    <parent>/organizations/organization_1/organizations/org_template</parent>
    <name>temp</name>
    <label>Temp</label>
    <description>Temp</description>
    <creationDate>2020-08-04T22:12:28.361-07:00</creationDate>
    <updateDate>2020-08-04T22:12:27.048-07:00</updateDate>
    <permission>
        <permissionMask>1</permissionMask>
        <recipient recipientType="role">ROLE_USER</recipient>
    </permission>
</folder>
