<?xml version="1.0" encoding="UTF-8"?>
<user>
    <username>jasperadmin</username>
    <fullName>jasperadmin User</fullName>
    <password>ENC&lt;4A5253495600000010BF2E4EBB4880522C54371AC4ED4E48CF36E024E7B1A15733C30E0BCE30B8C7BC&gt;</password>
    <externallyDefined>false</externallyDefined>
    <enabled>true</enabled>
    <role>ROLE_ADMINISTRATOR</role>
    <role>ROLE_USER</role>
    <previousPasswordChangeTime>2023-04-19T04:29:44.242-07:00</previousPasswordChangeTime>
    <tenantId>organization_1</tenantId>
</user>
