<?xml version="1.0" encoding="UTF-8"?>
<user>
    <username>jasperadmin</username>
    <fullName>jasperadmin User</fullName>
    <password>ENC&lt;4A52534956000000103E2B1438A55BA2E99D8153089BE941BEC7617B469CF3B2E72FFADD62A40C1FFF&gt;</password>
    <externallyDefined>false</externallyDefined>
    <enabled>true</enabled>
    <role>ROLE_ADMINISTRATOR</role>
    <role>ROLE_USER</role>
    <previousPasswordChangeTime>2022-07-13T16:49:19.295-07:00</previousPasswordChangeTime>
    <tenantId>organization_1</tenantId>
</user>
