<?xml version="1.0" encoding="UTF-8"?>
<xmlaConnection exportedWithPermissions="true">
    <folder>/organizations/organization_1/analysis/connections</folder>
    <name>FoodmartXmlaConnection</name>
    <version>2</version>
    <label>Foodmart XML/A Connection</label>
    <description>Foodmart XML/A Connection</description>
    <creationDate>2020-08-04T22:11:29.000-07:00</creationDate>
    <updateDate>2020-08-04T22:11:43.000-07:00</updateDate>
    <connectionURL>http://localhost:8080/jasperserver-pro/xmla</connectionURL>
    <dataSource>Provider=Mondrian;DataSource=JRS</dataSource>
    <catalog>Foodmart</catalog>
    <connectionUser>jasperadmin|organization_1</connectionUser>
    <connectionPassword>ENC&lt;4A525349560000001085F7F548FEFE7B0681E1B15CA97A2E388D5B1A5EE720EFC55958461B56D93AB5&gt;</connectionPassword>
</xmlaConnection>
