<?xml version="1.0" encoding="UTF-8"?>
<jndiJdbcDataSource exportedWithPermissions="true">
    <folder>/organizations/organization_1/analysis/datasources</folder>
    <name>FoodmartDataSourceJNDI</name>
    <version>0</version>
    <label>Foodmart Data Source JNDI</label>
    <description>Foodmart Data Source JNDI</description>
    <creationDate>2020-08-04T22:11:29.420-07:00</creationDate>
    <updateDate>2020-08-04T22:11:29.420-07:00</updateDate>
    <jndiName>jdbc/foodmart</jndiName>
</jndiJdbcDataSource>
