<?xml version="1.0" encoding="UTF-8"?>
<fileResource exportedWithPermissions="true" dataFile="ui-bg_flat_0_aaaaaa_40x100.png.data">
    <folder>/organizations/organization_1/themes/default/jquery-ui/images</folder>
    <name>ui-bg_flat_0_aaaaaa_40x100.png</name>
    <version>0</version>
    <label>ui-bg_flat_0_aaaaaa_40x100.png</label>
    <creationDate>2020-08-04T22:10:28.773-07:00</creationDate>
    <updateDate>2020-08-04T22:10:28.773-07:00</updateDate>
    <fileType>img</fileType>
</fileResource>
