<?xml version="1.0" encoding="UTF-8"?>
<virtualDataSource exportedWithPermissions="true">
    <folder>/public/audit/datasources</folder>
    <name>AuditVirtualDataSource</name>
    <version>0</version>
    <label>AuditVirtualDataSource</label>
    <description>Audit Virtual DataSource</description>
    <creationDate>2023-04-19T04:30:55.942-07:00</creationDate>
    <updateDate>2023-04-19T04:30:55.942-07:00</updateDate>
    <dataSource>
        <alias>AuditDataSource</alias>
        <dataSourceReference>
            <uri>/public/audit/datasources/AuditDataSource</uri>
        </dataSourceReference>
    </dataSource>
    <dataSource>
        <alias>JasperserverDataSource</alias>
        <dataSourceReference>
            <uri>/public/audit/datasources/JasperserverDataSource</uri>
        </dataSourceReference>
    </dataSource>
</virtualDataSource>
