<?xml version="1.0" encoding="UTF-8"?>
<adhocDataView exportedWithPermissions="true">
    <folder>/public/Samples/Ad_Hoc_Views</folder>
    <name>06__Sales_Mix_by_Gender</name>
    <version>0</version>
    <label>06. Sales Mix by Gender</label>
    <description>Sample HTML5 percent bar chart from a Topic showing Sales Mix by Gender across Countries and Product Families with advanced chart formatting for colors and data labels</description>
    <creationDate>2018-04-26T15:30:57.728-07:00</creationDate>
    <updateDate>2015-10-19T19:42:03.402-07:00</updateDate>
    <dataSource>
        <uri>/public/Samples/Data_Sources/FoodmartDataSourceJNDI</uri>
    </dataSource>
    <inputControl>
        <localResource
            xmlns:xsi="http://www.w3.org/2001/XMLSchema-instance"
            exportedWithPermissions="false" xsi:type="inputControl">
            <folder>/public/Samples/Ad_Hoc_Views/06__Sales_Mix_by_Gender_files</folder>
            <name>quarter_1</name>
            <version>0</version>
            <label>Quarter</label>
            <creationDate>2018-04-26T15:30:57.728-07:00</creationDate>
            <updateDate>2015-10-19T19:42:03.402-07:00</updateDate>
            <type>7</type>
            <mandatory>false</mandatory>
            <readOnly>false</readOnly>
            <visible>true</visible>
            <query>
                <localResource exportedWithPermissions="false" xsi:type="query">
                    <folder>/public/Samples/Ad_Hoc_Views/06__Sales_Mix_by_Gender_files/quarter_1_files</folder>
                    <name>quarter_1</name>
                    <version>0</version>
                    <label>Quarter</label>
                    <creationDate>2018-04-26T15:30:57.728-07:00</creationDate>
                    <updateDate>2015-10-19T19:42:03.402-07:00</updateDate>
                    <language>domain</language>
                    <queryString>&lt;?xml version="1.0" encoding="UTF-8"?&gt;
&lt;query xmlns="http://www.jaspersoft.com/2007/SL/XMLSchema"&gt;
  &lt;groupList&gt;
    &lt;group columnName="quarter" /&gt;
  &lt;/groupList&gt;
  &lt;queryFields&gt;
    &lt;queryField id="quarter" resourceId="quarter" /&gt;
  &lt;/queryFields&gt;
  &lt;resources&gt;
    &lt;memory id="default"&gt;
      &lt;fieldList&gt;
        &lt;field id="c_country" inResultSet="false" type="java.lang.String"&gt;
          &lt;propertyMap&gt;
            &lt;entry key="adhoc.expression" /&gt;
          &lt;/propertyMap&gt;
        &lt;/field&gt;
        &lt;field id="c_state_province" inResultSet="false" type="java.lang.String"&gt;
          &lt;propertyMap&gt;
            &lt;entry key="adhoc.expression" /&gt;
          &lt;/propertyMap&gt;
        &lt;/field&gt;
        &lt;field id="c_city" inResultSet="false" type="java.lang.String"&gt;
          &lt;propertyMap&gt;
            &lt;entry key="adhoc.expression" /&gt;
          &lt;/propertyMap&gt;
        &lt;/field&gt;
        &lt;field id="c_gender" inResultSet="false" type="java.lang.String"&gt;
          &lt;propertyMap&gt;
            &lt;entry key="adhoc.expression" /&gt;
          &lt;/propertyMap&gt;
        &lt;/field&gt;
        &lt;field id="product_family" inResultSet="false" type="java.lang.String"&gt;
          &lt;propertyMap&gt;
            &lt;entry key="adhoc.expression" /&gt;
          &lt;/propertyMap&gt;
        &lt;/field&gt;
        &lt;field id="product_category" inResultSet="false" type="java.lang.String"&gt;
          &lt;propertyMap&gt;
            &lt;entry key="adhoc.expression" /&gt;
          &lt;/propertyMap&gt;
        &lt;/field&gt;
        &lt;field id="product_subcategory" inResultSet="false" type="java.lang.String"&gt;
          &lt;propertyMap&gt;
            &lt;entry key="adhoc.expression" /&gt;
          &lt;/propertyMap&gt;
        &lt;/field&gt;
        &lt;field id="product_name" inResultSet="false" type="java.lang.String"&gt;
          &lt;propertyMap&gt;
            &lt;entry key="adhoc.expression" /&gt;
          &lt;/propertyMap&gt;
        &lt;/field&gt;
        &lt;field id="product_department" inResultSet="false" type="java.lang.String"&gt;
          &lt;propertyMap&gt;
            &lt;entry key="adhoc.expression" /&gt;
          &lt;/propertyMap&gt;
        &lt;/field&gt;
        &lt;field id="store_country" inResultSet="false" type="java.lang.String"&gt;
          &lt;propertyMap&gt;
            &lt;entry key="adhoc.expression" /&gt;
          &lt;/propertyMap&gt;
        &lt;/field&gt;
        &lt;field id="store_state" inResultSet="false" type="java.lang.String"&gt;
          &lt;propertyMap&gt;
            &lt;entry key="adhoc.expression" /&gt;
          &lt;/propertyMap&gt;
        &lt;/field&gt;
        &lt;field id="store_city" inResultSet="false" type="java.lang.String"&gt;
          &lt;propertyMap&gt;
            &lt;entry key="adhoc.expression" /&gt;
          &lt;/propertyMap&gt;
        &lt;/field&gt;
        &lt;field id="store_name" inResultSet="false" type="java.lang.String"&gt;
          &lt;propertyMap&gt;
            &lt;entry key="adhoc.expression" /&gt;
          &lt;/propertyMap&gt;
        &lt;/field&gt;
        &lt;field id="the_year" inResultSet="false" type="java.lang.Integer"&gt;
          &lt;propertyMap&gt;
            &lt;entry key="adhoc.expression" /&gt;
          &lt;/propertyMap&gt;
        &lt;/field&gt;
        &lt;field id="quarter" type="java.lang.String" /&gt;
        &lt;field id="month_of_year" inResultSet="false" type="java.lang.Integer"&gt;
          &lt;propertyMap&gt;
            &lt;entry key="adhoc.expression" /&gt;
          &lt;/propertyMap&gt;
        &lt;/field&gt;
        &lt;field id="day_of_month" inResultSet="false" type="java.lang.Integer"&gt;
          &lt;propertyMap&gt;
            &lt;entry key="adhoc.expression" /&gt;
          &lt;/propertyMap&gt;
        &lt;/field&gt;
        &lt;field id="the_date" inResultSet="false" type="java.sql.Timestamp"&gt;
          &lt;propertyMap&gt;
            &lt;entry key="adhoc.expression" /&gt;
          &lt;/propertyMap&gt;
        &lt;/field&gt;
        &lt;field id="store_sales" inResultSet="false" type="java.lang.Double"&gt;
          &lt;propertyMap&gt;
            &lt;entry key="adhoc.expression" /&gt;
          &lt;/propertyMap&gt;
        &lt;/field&gt;
        &lt;field id="store_cost" inResultSet="false" type="java.lang.Double"&gt;
          &lt;propertyMap&gt;
            &lt;entry key="adhoc.expression" /&gt;
          &lt;/propertyMap&gt;
        &lt;/field&gt;
        &lt;field id="unit_sales" inResultSet="false" type="java.lang.Double"&gt;
          &lt;propertyMap&gt;
            &lt;entry key="adhoc.expression" /&gt;
          &lt;/propertyMap&gt;
        &lt;/field&gt;
      &lt;/fieldList&gt;
      &lt;source&gt;
        &lt;jdbcQuery maxRows="200001"&gt;
          &lt;fieldList&gt;
            &lt;field id="c_country" inResultSet="false" type="java.lang.String" /&gt;
            &lt;field id="c_state_province" inResultSet="false" type="java.lang.String" /&gt;
            &lt;field id="c_city" inResultSet="false" type="java.lang.String" /&gt;
            &lt;field id="c_gender" inResultSet="false" type="java.lang.String" /&gt;
            &lt;field id="product_family" inResultSet="false" type="java.lang.String" /&gt;
            &lt;field id="product_category" inResultSet="false" type="java.lang.String" /&gt;
            &lt;field id="product_subcategory" inResultSet="false" type="java.lang.String" /&gt;
            &lt;field id="product_name" inResultSet="false" type="java.lang.String" /&gt;
            &lt;field id="product_department" inResultSet="false" type="java.lang.String" /&gt;
            &lt;field id="store_country" inResultSet="false" type="java.lang.String" /&gt;
            &lt;field id="store_state" inResultSet="false" type="java.lang.String" /&gt;
            &lt;field id="store_city" inResultSet="false" type="java.lang.String" /&gt;
            &lt;field id="store_name" inResultSet="false" type="java.lang.String" /&gt;
            &lt;field id="the_year" inResultSet="false" type="java.lang.Integer" /&gt;
            &lt;field id="quarter" type="java.lang.String"&gt;
              &lt;propertyMap&gt;
                &lt;entry key="columnType"&gt;
                  &lt;string&gt;group&lt;/string&gt;
                &lt;/entry&gt;
              &lt;/propertyMap&gt;
            &lt;/field&gt;
            &lt;field id="month_of_year" inResultSet="false" type="java.lang.Integer" /&gt;
            &lt;field id="day_of_month" inResultSet="false" type="java.lang.Integer" /&gt;
            &lt;field id="the_date" inResultSet="false" type="java.sql.Timestamp" /&gt;
            &lt;field id="store_sales" inResultSet="false" type="java.lang.Double" /&gt;
            &lt;field id="store_cost" inResultSet="false" type="java.lang.Double" /&gt;
            &lt;field id="unit_sales" inResultSet="false" type="java.lang.Double" /&gt;
          &lt;/fieldList&gt;
          &lt;groupList&gt;
            &lt;group columnName="quarter" /&gt;
          &lt;/groupList&gt;
          &lt;query&gt;select    c.city  as c_city, c.state_province as c_state_province, c.country as c_country, c.gender as c_gender,
        p.product_name, pc.product_family, pc.product_department, pc.product_category, pc.product_subcategory, 
        st.store_name, st.store_city, st.store_state, st.store_country,
        t.the_date, t.day_of_month, t.month_of_year, t.quarter, t.the_year,
        s.store_sales, s.store_cost, s.unit_sales 
    from sales_fact_1998 s
    join customer c on (c.customer_id = s.customer_id) 
    join time_by_day t on (t.time_id = s.time_id) 
    join product p on (p.product_id = s.product_id) 
    join product_class pc on (pc.product_class_id = p.product_class_id)
    join store st on (st.store_id = s.store_id)&lt;/query&gt;
        &lt;/jdbcQuery&gt;
      &lt;/source&gt;
    &lt;/memory&gt;
  &lt;/resources&gt;
&lt;/query&gt;

</queryString>
                    <dataSource>
                        <uri>/public/Samples/Data_Sources/FoodmartDataSourceJNDI</uri>
                    </dataSource>
                </localResource>
            </query>
            <queryVisibleColumn>quarter</queryVisibleColumn>
            <queryValueColumn>quarter</queryValueColumn>
        </localResource>
    </inputControl>
    <resource>
        <localResource
            xmlns:xsi="http://www.w3.org/2001/XMLSchema-instance"
            exportedWithPermissions="false" dataFile="topicJRXML.data" xsi:type="fileResource">
            <folder>/public/Samples/Ad_Hoc_Views/06__Sales_Mix_by_Gender_files</folder>
            <name>topicJRXML</name>
            <version>0</version>
            <label>topicJRXML</label>
            <creationDate>2018-04-26T15:30:57.728-07:00</creationDate>
            <updateDate>2015-10-19T19:42:03.402-07:00</updateDate>
            <fileType>jrxml</fileType>
        </localResource>
    </resource>
    <resource>
        <localResource
            xmlns:xsi="http://www.w3.org/2001/XMLSchema-instance"
            exportedWithPermissions="false" dataFile="stateXML.data" xsi:type="fileResource">
            <folder>/public/Samples/Ad_Hoc_Views/06__Sales_Mix_by_Gender_files</folder>
            <name>stateXML</name>
            <version>0</version>
            <label>stateXML</label>
            <creationDate>2018-04-26T15:30:57.728-07:00</creationDate>
            <updateDate>2015-10-19T19:42:03.402-07:00</updateDate>
            <fileType>xml</fileType>
        </localResource>
    </resource>
    <alwaysPromptControls>false</alwaysPromptControls>
    <controlsLayout>1</controlsLayout>
</adhocDataView>
