<?xml version="1.0" encoding="UTF-8"?>
<export><property name="keyalias" value="11bc02d7-fff2-41cb-9570-873217c6b49b"/><module id="tenants"><organization>organizations</organization></module><module id="authority"><user>jasperadmin</user><user>anonymousUser</user><role>ROLE_ADMINISTRATOR</role><role>ROLE_USER</role><role>ROLE_ANONYMOUS</role></module><module id="repositoryResources"><folder>/</folder></module><module id="calendars"><calendar>New Years Days</calendar></module><module id="reportJobs"/><module id="favorites"/><property name="pathProcessorId" value="zip"/><property name="rootTenantId" value="organizations"/><property name="jsVersion" value="7.5.0 CE"/><property name="encrypted" value="4A525349560000001045D6AF5ED3B8E34318409B947429E34C2FAA47077C1F764D969DFE15546C8F5E"/></export>