<?xml version="1.0" encoding="UTF-8"?>
<xmlaConnection exportedWithPermissions="true">
    <folder>/analysis/connections</folder>
    <name>SugarCRMXmlaConnection</name>
    <version>0</version>
    <label>SugarCRM XML/A Connection</label>
    <description>SugarCRM XML/A Connection</description>
    <creationDate>2020-08-04T21:50:38.742-07:00</creationDate>
    <updateDate>2020-08-04T21:50:38.742-07:00</updateDate>
    <connectionURL>http://localhost:8080/jasperserver/xmla</connectionURL>
    <dataSource>Provider=Mondrian;DataSource=JRS</dataSource>
    <catalog>SugarCRM</catalog>
    <connectionUser>jasperadmin</connectionUser>
    <connectionPassword>ENC&lt;4A52534956000000104038BE9B0FDAAC9E158855B81572E6A0D18A45A50323D6C742C45A71627F13B2&gt;</connectionPassword>
</xmlaConnection>
