<?xml version="1.0" encoding="UTF-8"?>
<fileResource exportedWithPermissions="true" dataFile="OpenSans-SemiboldItalic-webfont.svg.data">
    <folder>/organizations/organization_1/themes/default/jasper-ui/fonts</folder>
    <name>OpenSans-SemiboldItalic-webfont.svg</name>
    <version>0</version>
    <label>OpenSans-SemiboldItalic-webfont.svg</label>
    <creationDate>2018-04-26T15:30:32.954-07:00</creationDate>
    <updateDate>2018-04-26T15:30:32.954-07:00</updateDate>
    <fileType>font</fileType>
</fileResource>
