<?xml version="1.0" encoding="UTF-8"?>
<user>
    <username>demo</username>
    <fullName>Demo User</fullName>
    <password>ENC&lt;4A52534956000000101B44517385DD29922F9B9C1D41CFE2C66C682FB5FE5CA585646E28D441EA55A5&gt;</password>
    <externallyDefined>false</externallyDefined>
    <enabled>true</enabled>
    <role>ROLE_DEMO</role>
    <role>ROLE_USER</role>
    <previousPasswordChangeTime>2020-08-04T22:12:43.413-07:00</previousPasswordChangeTime>
    <tenantId>organization_1</tenantId>
</user>
