<?xml version="1.0" encoding="UTF-8"?>
<user>
    <username>jasperadmin</username>
    <fullName>jasperadmin User</fullName>
    <password>ENC&lt;4A525349560000001055F01110FBB44F67E222A5569A89559CAB70468A63EA9F80E0EBF2F1C2CF2DD0&gt;</password>
    <externallyDefined>false</externallyDefined>
    <enabled>true</enabled>
    <role>ROLE_ADMINISTRATOR</role>
    <role>ROLE_USER</role>
    <previousPasswordChangeTime>2020-08-04T22:11:15.748-07:00</previousPasswordChangeTime>
    <tenantId>organization_1</tenantId>
</user>
