<?xml version="1.0" encoding="UTF-8"?>
<reportUnit exportedWithPermissions="true">
    <folder>/organizations/organization_1/adhoc/topics</folder>
    <name>AdhocDemo</name>
    <version>0</version>
    <label>demo for adhoc</label>
    <description>Topic containing shipping costs for orders</description>
    <creationDate>2022-07-13T16:53:24.000-07:00</creationDate>
    <updateDate>2022-07-13T16:53:24.000-07:00</updateDate>
    <mainReport>
        <localResource
            xmlns:xsi="http://www.w3.org/2001/XMLSchema-instance"
            exportedWithPermissions="false"
            dataFile="ShippingReport.jrxml.data" xsi:type="fileResource">
            <folder>/organizations/organization_1/adhoc/topics/AdhocDemo_files</folder>
            <name>ShippingReport.jrxml</name>
            <version>0</version>
            <label>ShippingReport.jrxml file used by 'demo for adhoc' topic</label>
            <description>ShippingReport.jrxml file used by 'demo for adhoc' topic</description>
            <creationDate>2022-07-13T16:53:24.000-07:00</creationDate>
            <updateDate>2022-07-13T16:53:24.000-07:00</updateDate>
            <fileType>jrxml</fileType>
        </localResource>
    </mainReport>
    <dataSource>
        <uri>/organizations/organization_1/datasources/JServerJNDIDS</uri>
    </dataSource>
    <alwaysPromptControls>false</alwaysPromptControls>
    <controlsLayout>1</controlsLayout>
</reportUnit>
