<?xml version="1.0" encoding="UTF-8"?>
<semanticLayerDataSource exportedWithPermissions="true">
    <folder>/public/Completed_Schedules/Domains</folder>
    <name>Failed_Reports_Domain</name>
    <version>0</version>
    <label>Failed Reports Domain</label>
    <description>Domain containing fields for failed scheduled report executions.</description>
    <creationDate>2022-07-13T16:51:03.251-07:00</creationDate>
    <updateDate>2022-07-13T16:51:03.251-07:00</updateDate>
    <schema>
        <localResource
            xmlns:xsi="http://www.w3.org/2001/XMLSchema-instance"
            exportedWithPermissions="false"
            dataFile="Failed_Reports_Domain_schema.data" xsi:type="fileResource">
            <folder>/public/Completed_Schedules/Domains/Failed_Reports_Domain_files</folder>
            <name>Failed_Reports_Domain_schema</name>
            <version>0</version>
            <label>Failed_Reports_Domain_schema</label>
            <description>Failed_Reports_Domain_schema</description>
            <creationDate>2022-07-13T16:51:03.251-07:00</creationDate>
            <updateDate>2022-07-13T16:51:03.251-07:00</updateDate>
            <fileType>xml</fileType>
        </localResource>
    </schema>
    <dataSource>
        <alias>AuditDataSource</alias>
        <dataSourceReference>
            <uri>/public/audit/datasources/AuditDataSource</uri>
        </dataSourceReference>
    </dataSource>
</semanticLayerDataSource>
