<?xml version="1.0" encoding="UTF-8"?>
<fileResource exportedWithPermissions="true" dataFile="button_action_icons_sprite@2x.png.data">
    <folder>/organizations/organization_1/themes/default/images</folder>
    <name>button_action_icons_sprite@2x.png</name>
    <version>0</version>
    <label>button_action_icons_sprite@2x.png</label>
    <creationDate>2020-08-04T22:10:19.720-07:00</creationDate>
    <updateDate>2020-08-04T22:10:19.720-07:00</updateDate>
    <fileType>img</fileType>
</fileResource>
