<?xml version="1.0" encoding="UTF-8"?>
<fileResource exportedWithPermissions="true" dataFile="OpenSans-SemiboldItalic-webfont.woff.data">
    <folder>/organizations/organization_1/themes/default/jasper-ui/fonts</folder>
    <name>OpenSans-SemiboldItalic-webfont.woff</name>
    <version>0</version>
    <label>OpenSans-SemiboldItalic-webfont.woff</label>
    <creationDate>2018-07-10T22:22:12.494-07:00</creationDate>
    <updateDate>2018-07-10T22:22:12.494-07:00</updateDate>
    <fileType>font</fileType>
</fileResource>
