<?xml version="1.0" encoding="UTF-8"?>
<jdbcDataSource exportedWithPermissions="true">
    <folder>/datasources</folder>
    <name>JServerJdbcDS</name>
    <version>0</version>
    <label>JServer Jdbc Data Source</label>
    <description>JServer Jdbc Data Source</description>
    <creationDate>2021-10-29T09:14:05.000-07:00</creationDate>
    <updateDate>2021-10-29T09:14:05.000-07:00</updateDate>
    <driver>org.mariadb.jdbc.Driver</driver>
    <connectionUrl>jdbc:mysql://ci-catalogs-mysql.jaspersoft.com:3306/suupdate?useUnicode=true&amp;amp;characterEncoding=UTF-8&amp;amp;autoReconnectForPools=true&amp;amp;tinyInt1isBit=false&amp;amp;allowPublicKeyRetrieval=true</connectionUrl>
    <connectionUser>ci_agent</connectionUser>
    <connectionPassword>ENC&lt;4A525349560000001027A4F3AE7AF13B88D75E511B4CCDD26BC900F1B1BA487D76462931E9E95429C5&gt;</connectionPassword>
</jdbcDataSource>
