<?xml version="1.0" encoding="UTF-8"?>
<user>
    <username>jasperadmin</username>
    <fullName>jasperadmin User</fullName>
    <password>ENC&lt;4A5253495600000010D2D0C2661AFE8975EF282E3198D0849887E608CACEFBDCE981A1ADBFFDAF15E3&gt;</password>
    <externallyDefined>false</externallyDefined>
    <enabled>true</enabled>
    <role>ROLE_ADMINISTRATOR</role>
    <role>ROLE_USER</role>
    <previousPasswordChangeTime>2020-08-04T22:11:15.748-07:00</previousPasswordChangeTime>
    <tenantId>organization_1</tenantId>
</user>
