<?xml version="1.0" encoding="UTF-8"?>
<fileResource exportedWithPermissions="true" dataFile="sort_indicators_icons_sprite@2x.png.data">
    <folder>/organizations/organization_1/themes/default/images</folder>
    <name>sort_indicators_icons_sprite@2x.png</name>
    <version>0</version>
    <label>sort_indicators_icons_sprite@2x.png</label>
    <creationDate>2023-04-19T04:30:09.877-07:00</creationDate>
    <updateDate>2023-04-19T04:30:09.877-07:00</updateDate>
    <fileType>img</fileType>
</fileResource>
