<?xml version="1.0" encoding="UTF-8"?>
<export><property name="keyalias" value="c2bf30cb-9320-4c11-81c7-40f15e7b0092"/><module id="tenants"><organization>organizations</organization></module><module id="authority"><user>jasperadmin</user><user>anonymousUser</user><user>joeuser</user><role>ROLE_ADMINISTRATOR</role><role>ROLE_USER</role><role>ROLE_ANONYMOUS</role></module><module id="repositoryResources"><folder>/</folder></module><module id="calendars"><calendar>New Years Days</calendar></module><module id="reportJobs"/><property name="pathProcessorId" value="zip"/><property name="rootTenantId" value="organizations"/><property name="jsVersion" value="7.5.0 CE"/><property name="encrypted" value="4A52534956000000109A652838D44E102BD672EF01AA2C42C273B72F6D3040B5EF9D65A592485CBFA7"/></export>