<?xml version="1.0" encoding="UTF-8"?>
<export><property name="keyalias" value="91fb6406-ede3-42f6-ab66-17ec223d83f8"/><module id="tenants"><organization>organizations</organization></module><module id="authority"><user>jasperadmin</user><user>anonymousUser</user><user>joeuser</user><role>ROLE_ADMINISTRATOR</role><role>ROLE_USER</role><role>ROLE_ANONYMOUS</role></module><module id="repositoryResources"><folder>/</folder></module><module id="calendars"><calendar>New Years Days</calendar></module><module id="reportJobs"/><property name="pathProcessorId" value="zip"/><property name="rootTenantId" value="organizations"/><property name="jsVersion" value="7.5.0 CE"/><property name="encrypted" value="4A52534956000000109A14B996F68F3176F24FE4D651AC270D16814B25B15983A6228D4308B16876AE"/></export>