<?xml version="1.0" encoding="UTF-8"?>
<xmlaConnection exportedWithPermissions="true">
    <folder>/organizations/organization_1/analysis/connections</folder>
    <name>SugarCRMXmlaConnection</name>
    <version>2</version>
    <label>SugarCRM XML/A Connection</label>
    <description>SugarCRM XML/A Connection</description>
    <creationDate>2022-07-13T16:52:47.000-07:00</creationDate>
    <updateDate>2022-07-13T16:53:27.000-07:00</updateDate>
    <connectionURL>http://localhost:8080/jasperserver-pro/xmla</connectionURL>
    <dataSource>Provider=Mondrian;DataSource=JRS</dataSource>
    <catalog>SugarCRM</catalog>
    <connectionUser>jasperadmin|organization_1</connectionUser>
    <connectionPassword>ENC&lt;4A525349560000001013C9F682B9C8CBC8947C87A4BA846AB66D93877B5D4CBEFBDB5154290EB872D0&gt;</connectionPassword>
</xmlaConnection>
