<?xml version="1.0" encoding="UTF-8"?>
<export><property name="keyalias" value="94981864-b9e4-4ad7-91ab-be8cf137d640"/><module id="tenants"><organization>organizations</organization></module><module id="authority"><user>jasperadmin</user><user>anonymousUser</user><user>joeuser</user><role>EXTERNAL_TEST_ROLE_2</role><role>EXTERNAL_TEST_ROLE_1</role><role>ROLE_ADMINISTRATOR</role><role>ROLE_USER</role><role>ROLE_ANONYMOUS</role></module><module id="repositoryResources"><folder>/</folder></module><module id="calendars"><calendar>New Years Days</calendar></module><module id="reportJobs"/><module id="favorites"/><property name="pathProcessorId" value="zip"/><property name="rootTenantId" value="organizations"/><property name="jsVersion" value="7.5.0 CE"/><property name="encrypted" value="4A52534956000000101097CBA88C23B978542A3D40AB34548A906BF5E94D08E37BF3D68E710043438D"/></export>