<?xml version="1.0" encoding="UTF-8"?>
<jdbcDataSource exportedWithPermissions="true">
    <folder>/organizations/organization_1/datasources</folder>
    <name>JServerJdbcDS</name>
    <version>0</version>
    <label>JServer Jdbc Data Source</label>
    <description>JServer Jdbc Data Source</description>
    <creationDate>2020-08-04T22:11:43.877-07:00</creationDate>
    <updateDate>2020-08-04T22:11:43.877-07:00</updateDate>
    <driver>tibcosoftware.jdbc.sqlserver.SQLServerDriver</driver>
    <connectionUrl>jdbc:tibcosoftware:sqlserver://db-sqlserver2014.jaspersoft.com:1433;databaseName=suupdate;sendTimestampEscapeAsString=false</connectionUrl>
    <connectionUser>sa</connectionUser>
    <connectionPassword>ENC&lt;4A525349560000001039BE06919E19B1478141869AAD6AC7BED09F9AE7C23B90CA74FE1FB412559F11&gt;</connectionPassword>
</jdbcDataSource>
