<?xml version="1.0" encoding="UTF-8"?>
<folder exportedWithPermissions="true">
    <parent>/organizations/organization_1/organizations/org_template/adhoc</parent>
    <name>topics</name>
    <label>Topics</label>
    <description>Topics</description>
    <creationDate>2020-08-04T22:11:38.346-07:00</creationDate>
    <updateDate>2020-08-04T22:11:36.032-07:00</updateDate>
    <permission>
        <permissionMask>30</permissionMask>
        <recipient recipientType="role">ROLE_USER</recipient>
    </permission>
</folder>
