<?xml version="1.0" encoding="UTF-8"?>
<folder exportedWithPermissions="true">
    <parent>/analysis</parent>
    <name>schemas</name>
    <label>Analysis Schemas</label>
    <description>Schemas used by Analysis</description>
    <creationDate>2020-08-04T21:50:47.000-07:00</creationDate>
    <updateDate>2020-08-04T21:50:47.000-07:00</updateDate>
    <resource>FoodmartSchema</resource>
    <resource>FoodmartSchemaUpper</resource>
    <resource>SugarCRMSchema</resource>
    <resource>SugarCRMSchemaUpper</resource>
</folder>
