<?xml version="1.0" encoding="UTF-8"?>
<fileResource exportedWithPermissions="true" dataFile="sourcesanspro-semibold-webfont.woff.data">
    <folder>/organizations/organization_1/themes/default/fonts</folder>
    <name>sourcesanspro-semibold-webfont.woff</name>
    <version>0</version>
    <label>sourcesanspro-semibold-webfont.woff</label>
    <creationDate>2022-07-13T16:49:34.000-07:00</creationDate>
    <updateDate>2022-07-13T16:49:34.000-07:00</updateDate>
    <fileType>font</fileType>
</fileResource>
