<?xml version="1.0" encoding="UTF-8"?>
<export><property name="keyalias" value="b3d8b4d9-e624-491a-b682-d3165c0b069c"/><module id="tenants"><organization>organizations</organization></module><module id="authority"><user>jasperadmin</user><user>anonymousUser</user><role>ROLE_ADMINISTRATOR</role><role>ROLE_USER</role><role>ROLE_ANONYMOUS</role></module><module id="repositoryResources"><folder>/</folder></module><module id="calendars"><calendar>New Years Days</calendar></module><module id="reportJobs"/><property name="pathProcessorId" value="zip"/><property name="rootTenantId" value="organizations"/><property name="jsVersion" value="7.5.0 CE"/><property name="encrypted" value="4A5253495600000010CDEC0BB918D936E14129DB0CB6BE5717D1BC2BD141B7EF795268695380CD2743"/></export>