<?xml version="1.0" encoding="UTF-8"?>
<export><property name="keyalias" value="2843c2d8-8356-4b6e-a3e6-285545a8f911"/><module id="tenants"><organization>organizations</organization></module><module id="authority"><user>jasperadmin</user><user>anonymousUser</user><role>ROLE_ADMINISTRATOR</role><role>ROLE_USER</role><role>ROLE_ANONYMOUS</role></module><module id="repositoryResources"><folder>/</folder></module><module id="calendars"><calendar>New Years Days</calendar></module><module id="reportJobs"/><property name="pathProcessorId" value="zip"/><property name="rootTenantId" value="organizations"/><property name="jsVersion" value="7.5.0 CE"/><property name="encrypted" value="4A5253495600000010E88F767B75230F0C9FFE71CE84EB454E4EB726A774A94C7DDA1E0EE457693361"/></export>