<?xml version="1.0" encoding="UTF-8"?>
<jdbcDataSource exportedWithPermissions="true">
    <folder>/organizations/organization_1/datasources</folder>
    <name>JServerJdbcDS</name>
    <version>0</version>
    <label>JServer Jdbc Data Source</label>
    <description>JServer Jdbc Data Source</description>
    <creationDate>2020-08-04T22:11:18.000-07:00</creationDate>
    <updateDate>2020-08-04T22:11:18.000-07:00</updateDate>
    <driver>tibcosoftware.jdbc.oracle.OracleDriver</driver>
    <connectionUrl>jdbc:tibcosoftware:oracle://db-oracle11.jaspersoft.com:1521;CatalogOptions=0;SID=ORCL</connectionUrl>
    <connectionUser>sugarcrm</connectionUser>
    <connectionPassword>ENC&lt;4A52534956000000107E84BA9F9EFF71FF14624183140A5A2A5E29CE50F5E57403BCDBBBBF3B044852&gt;</connectionPassword>
</jdbcDataSource>
