<?xml version="1.0" encoding="UTF-8"?>
<fileResource exportedWithPermissions="true" dataFile="sourcesanspro-semibold-webfont.woff2.data">
    <folder>/organizations/organization_1/themes/default/jasper-ui/fonts</folder>
    <name>sourcesanspro-semibold-webfont.woff2</name>
    <version>0</version>
    <label>sourcesanspro-semibold-webfont.woff2</label>
    <creationDate>2020-08-04T22:10:26.000-07:00</creationDate>
    <updateDate>2020-08-04T22:10:26.000-07:00</updateDate>
    <fileType>font</fileType>
</fileResource>
