<?xml version="1.0" encoding="UTF-8"?>
<jndiJdbcDataSource exportedWithPermissions="true">
    <folder>/public/monitoring/datasources</folder>
    <name>ReportMonitoringDataSource</name>
    <version>0</version>
    <label>Report Monitoring Data Source</label>
    <description>Report Monitoring Data Source</description>
    <creationDate>2021-10-29T02:04:18.000-07:00</creationDate>
    <updateDate>2021-10-29T02:04:18.000-07:00</updateDate>
    <jndiName>jdbc/jasperserverAudit</jndiName>
</jndiJdbcDataSource>
