<?xml version="1.0" encoding="UTF-8"?>
<user>
    <username>CaliforniaUser</username>
    <fullName>California User</fullName>
    <password>ENC&lt;4A5253495600000010EFB60D081C5A3A1245DCA4B50A048F55FF4EED53EAE93F54458CE5E5545140F8&gt;</password>
    <externallyDefined>false</externallyDefined>
    <enabled>true</enabled>
    <role>ROLE_USER</role>
    <role>ROLE_SUPERMART_MANAGER</role>
    <attribute name="State">
        <value>CA</value>
    </attribute>
    <attribute name="Cities">
        <value>San Francisco, Oakland, San Jose</value>
    </attribute>
    <previousPasswordChangeTime>2022-07-13T16:52:52.353-07:00</previousPasswordChangeTime>
    <tenantId>organization_1</tenantId>
</user>
