<?xml version="1.0" encoding="UTF-8"?>
<user>
    <username>demo</username>
    <fullName>Demo User</fullName>
    <password>ENC&lt;4A5253495600000010A40B67BC4E130AA49879E840ECE38D022430583E271CD4CD37C838799F1A050F&gt;</password>
    <externallyDefined>false</externallyDefined>
    <enabled>true</enabled>
    <role>ROLE_DEMO</role>
    <role>ROLE_USER</role>
    <previousPasswordChangeTime>2022-07-13T16:52:53.690-07:00</previousPasswordChangeTime>
    <tenantId>organization_1</tenantId>
</user>
