<?xml version="1.0" encoding="UTF-8"?>
<user>
    <username>jasperadmin</username>
    <fullName>jasperadmin User</fullName>
    <password>ENC&lt;4A52534956000000104EF997D19B45F8B9040910764184F85C5B8E3E969F9CD074392D7A5B975553EE&gt;</password>
    <externallyDefined>false</externallyDefined>
    <enabled>true</enabled>
    <role>ROLE_ADMINISTRATOR</role>
    <role>ROLE_USER</role>
    <previousPasswordChangeTime>2022-07-13T16:49:19.295-07:00</previousPasswordChangeTime>
    <tenantId>organization_1</tenantId>
</user>
