<?xml version="1.0" encoding="UTF-8"?>
<user>
    <username>jasperadmin</username>
    <fullName>jasperadmin User</fullName>
    <password>ENC&lt;4A5253495600000010B012499CC8E9CF1CF07D3426A5D084A7015AB6D16616E66E2D13BF640854E2BD&gt;</password>
    <externallyDefined>false</externallyDefined>
    <enabled>true</enabled>
    <role>ROLE_ADMINISTRATOR</role>
    <role>ROLE_USER</role>
    <previousPasswordChangeTime>2022-07-13T16:49:25.000-07:00</previousPasswordChangeTime>
    <tenantId>organization_1</tenantId>
</user>
