<?xml version="1.0" encoding="UTF-8"?>
<folder exportedWithPermissions="true">
    <parent>/themes</parent>
    <name>default</name>
    <label>default</label>
    <creationDate>2022-07-13T16:32:05.000-07:00</creationDate>
    <updateDate>2022-07-13T16:32:05.000-07:00</updateDate>
    <folder>domainTopic</folder>
    <folder>fonts</folder>
    <folder>images</folder>
    <folder>jasper-ui</folder>
    <folder>jquery-ui</folder>
    <resource>attributes.css</resource>
    <resource>buttons.css</resource>
    <resource>containers.css</resource>
    <resource>controls.css</resource>
    <resource>dataDisplays.css</resource>
    <resource>dialog.css</resource>
    <resource>dialogSpecific.css</resource>
    <resource>forPrint.css</resource>
    <resource>importExport.css</resource>
    <resource>lists.css</resource>
    <resource>manageTenants.css</resource>
    <resource>menu.css</resource>
    <resource>notifications.css</resource>
    <resource>overrides_custom.css</resource>
    <resource>overrides_ie.css</resource>
    <resource>overrides_ie7.css</resource>
    <resource>overrides_ie8.css</resource>
    <resource>pages.css</resource>
    <resource>pageSpecific.css</resource>
    <resource>pagination.css</resource>
    <resource>panel.css</resource>
    <resource>samples.css</resource>
    <resource>simpleColorPicker.css</resource>
    <resource>theme.css</resource>
    <resource>themeMinimal.css</resource>
    <resource>webPageView.css</resource>
    <permission>
        <permissionMask>2</permissionMask>
        <recipient recipientType="role">ROLE_ADMINISTRATOR</recipient>
    </permission>
</folder>
