<?xml version="1.0" encoding="UTF-8"?>
<jdbcDataSource exportedWithPermissions="true">
    <folder>/analysis/datasources</folder>
    <name>SugarCRMDataSource</name>
    <version>0</version>
    <label>SugarCRM Data Source</label>
    <description>SugarCRM Data Source</description>
    <creationDate>2023-04-19T04:10:17.855-07:00</creationDate>
    <updateDate>2023-04-19T04:10:17.855-07:00</updateDate>
    <driver>org.postgresql.Driver</driver>
    <connectionUrl>jdbc:postgresql://ci-catalogs-na2-postgresql.jaspersoft.com:5432/suupdate</connectionUrl>
    <connectionUser>ci_agent</connectionUser>
    <connectionPassword>ENC&lt;4A5253495600000010CC515BF3AD7AF9A286790C22C12CAF8554BC5EB11B7EA911490EDA40CFBD5DBD&gt;</connectionPassword>
</jdbcDataSource>
