<?xml version="1.0" encoding="UTF-8"?>
<jdbcDataSource exportedWithPermissions="true">
    <folder>/datasources</folder>
    <name>JServerJdbcDS</name>
    <version>0</version>
    <label>JServer Jdbc Data Source</label>
    <description>JServer Jdbc Data Source</description>
    <creationDate>2019-11-27T10:58:04.819-08:00</creationDate>
    <updateDate>2019-11-27T10:58:04.819-08:00</updateDate>
    <driver>org.postgresql.Driver</driver>
    <connectionUrl>jdbc:postgresql://ci-catalogs-postgresql.jaspersoft.com:5432/sugarcrm</connectionUrl>
    <connectionUser>ci_agent</connectionUser>
    <connectionPassword>ENC&lt;4A52534956000000108499C3F0E7B6DA4B7EB646A389101BD446BCB0DEC20BD5D83B9B752EB5DC04F3&gt;</connectionPassword>
</jdbcDataSource>
