<?xml version="1.0" encoding="UTF-8"?>
<jndiJdbcDataSource exportedWithPermissions="true">
    <folder>/datasources</folder>
    <name>repositoryDS</name>
    <version>0</version>
    <label>Jasperserver Repository SQL data source</label>
    <description>Jasperserver Repository SQL data source for reporting</description>
    <creationDate>2019-11-27T10:58:04.808-08:00</creationDate>
    <updateDate>2019-11-27T10:58:04.808-08:00</updateDate>
    <permission>
        <permissionMask>0</permissionMask>
        <recipient recipientType="role">ROLE_USER</recipient>
    </permission>
    <jndiName>jdbc/jasperserver</jndiName>
</jndiJdbcDataSource>
