<?xml version="1.0" encoding="UTF-8"?>
<jndiJdbcDataSource exportedWithPermissions="true">
    <folder>/organizations/organization_1/performance/datasources</folder>
    <name>ProfileDataSourceJNDI</name>
    <version>0</version>
    <label>Profile Data Source JNDI</label>
    <description>Profile Data Source JNDI</description>
    <creationDate>2018-10-18T09:27:23.840-07:00</creationDate>
    <updateDate>2018-10-18T09:27:23.840-07:00</updateDate>
    <jndiName>jdbc/jasperserver</jndiName>
</jndiJdbcDataSource>
