<?xml version="1.0" encoding="UTF-8"?>
<fileResource exportedWithPermissions="true" dataFile="FoodmartSchemaUpper.data">
    <folder>/organizations/organization_1/analysis/schemas</folder>
    <name>FoodmartSchemaUpper</name>
    <version>0</version>
    <label>Foodmart Schema Uppercase</label>
    <description>Foodmart Analysis Schema Uppercase</description>
    <creationDate>2020-08-04T22:11:44.200-07:00</creationDate>
    <updateDate>2020-08-04T22:11:44.200-07:00</updateDate>
    <fileType>olapMondrianSchema</fileType>
</fileResource>
