<?xml version="1.0" encoding="UTF-8"?>
<fileResource exportedWithPermissions="true" dataFile="FoodmartGrant.data">
    <folder>/organizations/organization_1/analysis/schemas</folder>
    <name>FoodmartGrant</name>
    <version>0</version>
    <label>Foodmart Grant</label>
    <description>ANALYSIS Foodmart Grant</description>
    <creationDate>2020-08-04T22:12:02.087-07:00</creationDate>
    <updateDate>2020-08-04T22:12:02.087-07:00</updateDate>
    <fileType>accessGrantSchema</fileType>
</fileResource>
