<?xml version="1.0" encoding="UTF-8"?>
<export><property name="keyalias" value="10b7a866-eb9f-4d10-a409-9126fcd3714c"/><module id="tenants"><organization>organizations</organization></module><module id="authority"><user>jasperadmin</user><user>anonymousUser</user><user>joeuser</user><role>ROLE_ADMINISTRATOR</role><role>ROLE_USER</role><role>ROLE_ANONYMOUS</role></module><module id="repositoryResources"><folder>/</folder></module><module id="calendars"><calendar>New Years Days</calendar></module><module id="reportJobs"/><property name="pathProcessorId" value="zip"/><property name="rootTenantId" value="organizations"/><property name="jsVersion" value="7.5.0 CE"/><property name="encrypted" value="4A52534956000000105E4AB1E4777E9A90A4243290E0F022A9DBD0E9FA97F8C4002F5A1CAB355519D6"/></export>