<?xml version="1.0" encoding="UTF-8"?>
<mondrianConnection exportedWithPermissions="true">
    <folder>/analysis/connections</folder>
    <name>Foodmart</name>
    <version>0</version>
    <label>Foodmart</label>
    <description>Foodmart Mondrian Analysis Connection</description>
    <creationDate>2021-10-29T09:14:06.000-07:00</creationDate>
    <updateDate>2021-10-29T09:14:06.000-07:00</updateDate>
    <schema>
        <uri>/analysis/schemas/FoodmartSchema</uri>
    </schema>
    <dataSource>
        <uri>/analysis/datasources/FoodmartDataSourceJNDI</uri>
    </dataSource>
</mondrianConnection>
