<?xml version="1.0" encoding="UTF-8"?>
<xmlaConnection exportedWithPermissions="true">
    <folder>/analysis/connections</folder>
    <name>FoodmartXmlaConnection</name>
    <version>0</version>
    <label>Foodmart XML/A Connection</label>
    <description>Foodmart XML/A Connection</description>
    <creationDate>2021-10-29T09:14:06.000-07:00</creationDate>
    <updateDate>2021-10-29T09:14:06.000-07:00</updateDate>
    <connectionURL>http://localhost:8080/jasperserver/xmla</connectionURL>
    <dataSource>Provider=Mondrian;DataSource=JRS</dataSource>
    <catalog>Foodmart</catalog>
    <connectionUser>jasperadmin</connectionUser>
    <connectionPassword>ENC&lt;4A5253495600000010F5F080508FB20ABC1D9A62F4F86C09F531684F944F4DFEA9A6AEF21062E84CBE&gt;</connectionPassword>
</xmlaConnection>
