<?xml version="1.0" encoding="UTF-8"?>
<folder exportedWithPermissions="true">
    <parent>/organizations/organization_1/themes/default/jasper-ui</parent>
    <name>fonts</name>
    <label>fonts</label>
    <creationDate>2021-10-29T02:03:40.000-07:00</creationDate>
    <updateDate>2021-10-29T02:03:40.000-07:00</updateDate>
    <resource>icons.eot</resource>
    <resource>icons.svg</resource>
    <resource>icons.ttf</resource>
    <resource>icons.woff</resource>
    <resource>sourcesanspro-bold.ttf</resource>
    <resource>sourcesanspro-bold-webfont.woff</resource>
    <resource>sourcesanspro-bold-webfont.woff2</resource>
    <resource>sourcesanspro-regular.ttf</resource>
    <resource>sourcesanspro-regular-webfont.woff</resource>
    <resource>sourcesanspro-regular-webfont.woff2</resource>
    <resource>sourcesanspro-semibold.ttf</resource>
    <resource>sourcesanspro-semibold-webfont.woff</resource>
    <resource>sourcesanspro-semibold-webfont.woff2</resource>
</folder>
