<?xml version="1.0" encoding="UTF-8"?>
<user>
    <username>jasperadmin</username>
    <fullName>jasperadmin User</fullName>
    <password>ENC&lt;4A52534956000000109C64451F0F64D62DBD6A4E0E76F67340752A41591C36F2BD78BA0AF100959C7B&gt;</password>
    <externallyDefined>false</externallyDefined>
    <enabled>true</enabled>
    <role>ROLE_ADMINISTRATOR</role>
    <role>ROLE_USER</role>
    <previousPasswordChangeTime>2020-08-04T22:10:14.317-07:00</previousPasswordChangeTime>
    <tenantId>organization_1</tenantId>
</user>
