<?xml version="1.0" encoding="UTF-8"?>
<xmlaConnection exportedWithPermissions="true">
    <folder>/analysis/connections</folder>
    <name>SugarCRMXmlaConnection</name>
    <version>0</version>
    <label>SugarCRM XML/A Connection</label>
    <description>SugarCRM XML/A Connection</description>
    <creationDate>2022-07-13T16:32:19.810-07:00</creationDate>
    <updateDate>2022-07-13T16:32:19.810-07:00</updateDate>
    <connectionURL>http://localhost:8080/jasperserver/xmla</connectionURL>
    <dataSource>Provider=Mondrian;DataSource=JRS</dataSource>
    <catalog>SugarCRM</catalog>
    <connectionUser>jasperadmin</connectionUser>
    <connectionPassword>ENC&lt;4A525349560000001058D2BA861CFCB327104758339FCE9D15563D19279E20EC9A055EDA6D1E5C3695&gt;</connectionPassword>
</xmlaConnection>
