<?xml version="1.0" encoding="UTF-8"?>
<mondrianXmlaDefinition exportedWithPermissions="true">
    <folder>/organizations/organization_1/analysis/xmla/definitions</folder>
    <name>SugarCRMXmlaDefinition</name>
    <version>0</version>
    <label>SugarCRM Mondrian XMLA definition</label>
    <description>SugarCRM Mondrian XMLA definition</description>
    <creationDate>2018-04-26T15:30:39.481-07:00</creationDate>
    <updateDate>2018-04-26T15:30:39.481-07:00</updateDate>
    <catalog>SugarCRM</catalog>
    <mondrianConnection>
        <uri>/organizations/organization_1/analysis/connections/SugarCRM</uri>
    </mondrianConnection>
</mondrianXmlaDefinition>
