<?xml version="1.0" encoding="UTF-8"?>
<fileResource exportedWithPermissions="true" dataFile="FoodmartSchemaUpper.data">
    <folder>/analysis/schemas</folder>
    <name>FoodmartSchemaUpper</name>
    <version>0</version>
    <label>Foodmart Schema Uppercase</label>
    <description>Foodmart Analysis Schema Uppercase</description>
    <creationDate>2019-11-27T10:58:05.058-08:00</creationDate>
    <updateDate>2019-11-27T10:58:05.058-08:00</updateDate>
    <fileType>olapMondrianSchema</fileType>
</fileResource>
