<?xml version="1.0" encoding="UTF-8"?>
<folder exportedWithPermissions="true">
    <parent>/organizations/organization_1/organizations/org_template/themes</parent>
    <name>default</name>
    <label>default</label>
    <description>default</description>
    <creationDate>2022-07-13T16:50:16.218-07:00</creationDate>
    <updateDate>2022-07-13T16:50:11.908-07:00</updateDate>
    <permission>
        <permissionMask>2</permissionMask>
        <recipient recipientType="role">ROLE_ADMINISTRATOR</recipient>
    </permission>
    <permission>
        <permissionMask>2</permissionMask>
        <recipient recipientType="role">ROLE_SUPERUSER</recipient>
    </permission>
</folder>
