<?xml version="1.0" encoding="UTF-8"?>
<jdbcDataSource exportedWithPermissions="true">
    <folder>/organizations/organization_1/datasources</folder>
    <name>JServerJdbcDS</name>
    <version>0</version>
    <label>JServer Jdbc Data Source</label>
    <description>JServer Jdbc Data Source</description>
    <creationDate>2020-08-04T22:12:25.615-07:00</creationDate>
    <updateDate>2020-08-04T22:12:25.615-07:00</updateDate>
    <driver>tibcosoftware.jdbc.db2.DB2Driver</driver>
    <connectionUrl>jdbc:tibcosoftware:db2://ci-catalogs-db2.jaspersoft.com:50000;DatabaseName=suupdate;AlternateId=suupdate</connectionUrl>
    <connectionUser>ci_agent</connectionUser>
    <connectionPassword>ENC&lt;4A5253495600000010AB8A3DD49B2F3831AFDF98D6ADFBE73819D9E3F53A64D466A42256E14B9D3293&gt;</connectionPassword>
</jdbcDataSource>
