<?xml version="1.0" encoding="UTF-8"?>
<jdbcDataSource exportedWithPermissions="true">
    <folder>/analysis/datasources</folder>
    <name>FoodmartDataSource</name>
    <version>0</version>
    <label>Foodmart Data Source</label>
    <description>Foodmart Data Source</description>
    <creationDate>2020-08-04T21:50:38.485-07:00</creationDate>
    <updateDate>2020-08-04T21:50:38.485-07:00</updateDate>
    <driver>org.postgresql.Driver</driver>
    <connectionUrl>jdbc:postgresql://ci-catalogs-postgresql.jaspersoft.com:5432/foupdate</connectionUrl>
    <connectionUser>ci_agent</connectionUser>
    <connectionPassword>ENC&lt;4A52534956000000102DCC665065B06B577F3868919EA036525A82F9CC84C5F7683602FD77EA2C3623&gt;</connectionPassword>
</jdbcDataSource>
