<?xml version="1.0" encoding="UTF-8"?>
<jdbcDataSource exportedWithPermissions="true">
    <folder>/analysis/datasources</folder>
    <name>SugarCRMDataSource</name>
    <version>0</version>
    <label>SugarCRM Data Source</label>
    <description>SugarCRM Data Source</description>
    <creationDate>2020-08-04T21:50:38.539-07:00</creationDate>
    <updateDate>2020-08-04T21:50:38.539-07:00</updateDate>
    <driver>org.postgresql.Driver</driver>
    <connectionUrl>jdbc:postgresql://ci-catalogs-postgresql.jaspersoft.com:5432/suupdate</connectionUrl>
    <connectionUser>ci_agent</connectionUser>
    <connectionPassword>ENC&lt;4A52534956000000106937A5343ACF2AF1F5681536C72C8210BE2238F3C1371D8C3B9DF8544C14F1C3&gt;</connectionPassword>
</jdbcDataSource>
