<?xml version="1.0" encoding="UTF-8"?>
<jdbcDataSource exportedWithPermissions="true">
    <folder>/analysis/datasources</folder>
    <name>SugarCRMDataSource</name>
    <version>0</version>
    <label>SugarCRM Data Source</label>
    <description>SugarCRM Data Source</description>
    <creationDate>2019-11-27T10:58:05.178-08:00</creationDate>
    <updateDate>2019-11-27T10:58:05.178-08:00</updateDate>
    <driver>org.postgresql.Driver</driver>
    <connectionUrl>jdbc:postgresql://ci-catalogs-postgresql.jaspersoft.com:5432/sugarcrm</connectionUrl>
    <connectionUser>ci_agent</connectionUser>
    <connectionPassword>ENC&lt;4A52534956000000100F5150EDD90E46966CCEA94B5D6807C9E322EE2E0513F4774C5F1A922242E5C3&gt;</connectionPassword>
</jdbcDataSource>
