<?xml version="1.0" encoding="UTF-8"?>
<fileResource exportedWithPermissions="true" dataFile="chart_options_icon_sprite@2x.png.data">
    <folder>/organizations/organization_1/themes/default/images</folder>
    <name>chart_options_icon_sprite@2x.png</name>
    <version>0</version>
    <label>chart_options_icon_sprite@2x.png</label>
    <creationDate>2020-08-04T22:10:29.000-07:00</creationDate>
    <updateDate>2020-08-04T22:10:29.000-07:00</updateDate>
    <fileType>img</fileType>
</fileResource>
