<?xml version="1.0" encoding="UTF-8"?>
<fileResource exportedWithPermissions="true" dataFile="sort_indicators_icons_sprite@1x.png.data">
    <folder>/organizations/organization_1/themes/default/images</folder>
    <name>sort_indicators_icons_sprite@1x.png</name>
    <version>0</version>
    <label>sort_indicators_icons_sprite@1x.png</label>
    <creationDate>2021-10-29T02:03:39.000-07:00</creationDate>
    <updateDate>2021-10-29T02:03:39.000-07:00</updateDate>
    <fileType>img</fileType>
</fileResource>
