<?xml version="1.0" encoding="UTF-8"?>
<xmlaConnection exportedWithPermissions="true">
    <folder>/organizations/organization_1/performance/connections</folder>
    <name>ProfileXmlaConnection</name>
    <version>1</version>
    <label>Profile XMLA Connection</label>
    <description>Profile XML/A Connection</description>
    <creationDate>2020-08-04T22:12:41.697-07:00</creationDate>
    <updateDate>2020-08-04T22:12:41.873-07:00</updateDate>
    <connectionURL>http://localhost:8080/jasperserver-pro/xmla</connectionURL>
    <dataSource>Provider=Mondrian;DataSource=JRS</dataSource>
    <catalog>Profile</catalog>
    <connectionUser>jasperadmin</connectionUser>
    <connectionPassword>ENC&lt;4A5253495600000010D1C193C44127F6A86AC170B4F5CE62FE6E85AD6629D7F922C6BE04EB0D8ACC73&gt;</connectionPassword>
</xmlaConnection>
