<?xml version="1.0" encoding="UTF-8"?>
<export><property name="keyalias" value="91fb6406-ede3-42f6-ab66-17ec223d83f8"/><module id="tenants"><organization>organizations</organization></module><module id="authority"><user>jasperadmin</user><user>anonymousUser</user><role>ROLE_ADMINISTRATOR</role><role>ROLE_USER</role><role>ROLE_ANONYMOUS</role></module><module id="repositoryResources"><folder>/</folder></module><module id="calendars"><calendar>New Years Days</calendar></module><module id="reportJobs"/><property name="pathProcessorId" value="zip"/><property name="rootTenantId" value="organizations"/><property name="jsVersion" value="7.5.0 CE"/><property name="encrypted" value="4A5253495600000010247EBDAF19FADE28D04EBC7341CFCC2955726A36F5D7201A24AF91305BC08F00"/></export>