<?xml version="1.0" encoding="UTF-8"?>
<fileResource exportedWithPermissions="true" dataFile="disclosure_indicators_sprite.png.data">
    <folder>/organizations/organization_1/themes/pods_summer/images</folder>
    <name>disclosure_indicators_sprite.png</name>
    <version>0</version>
    <label>disclosure_indicators_sprite.png</label>
    <creationDate>2018-07-10T22:22:19.574-07:00</creationDate>
    <updateDate>2018-07-10T22:22:19.574-07:00</updateDate>
    <fileType>img</fileType>
</fileResource>
