<?xml version="1.0" encoding="UTF-8"?>
<user>
    <username>demo</username>
    <fullName>Demo User</fullName>
    <password>ENC&lt;4A525349560000001057EA17D84744EEE3BF4B7DBBD3AE2CCCE2BE81D67CE2F371AEDC8322E1D76DEC&gt;</password>
    <externallyDefined>false</externallyDefined>
    <enabled>true</enabled>
    <role>ROLE_DEMO</role>
    <role>ROLE_USER</role>
    <previousPasswordChangeTime>2022-07-13T16:53:29.000-07:00</previousPasswordChangeTime>
    <tenantId>organization_1</tenantId>
</user>
