<?xml version="1.0" encoding="UTF-8"?>
<user>
    <username>jasperadmin</username>
    <fullName>jasperadmin User</fullName>
    <password>ENC&lt;4A5253495600000010A6A3FADA53D74DB5FE2BB8D81EC8C1B66D24B2191580FB66D4A87ED8349880A9&gt;</password>
    <externallyDefined>false</externallyDefined>
    <enabled>true</enabled>
    <role>ROLE_ADMINISTRATOR</role>
    <role>ROLE_USER</role>
    <previousPasswordChangeTime>2022-07-13T16:49:25.000-07:00</previousPasswordChangeTime>
    <tenantId>organization_1</tenantId>
</user>
