<?xml version="1.0" encoding="UTF-8"?>
<user>
    <username>jasperadmin</username>
    <fullName>jasperadmin User</fullName>
    <password>ENC&lt;4A525349560000001031881561B370C79EABA94ADF0FEB909D46E51023AA11C9E7202ACAC77BA2932B&gt;</password>
    <externallyDefined>false</externallyDefined>
    <enabled>true</enabled>
    <role>ROLE_ADMINISTRATOR</role>
    <role>ROLE_USER</role>
    <previousPasswordChangeTime>2020-08-04T22:10:16.000-07:00</previousPasswordChangeTime>
    <tenantId>organization_1</tenantId>
</user>
