<?xml version="1.0" encoding="UTF-8"?>
<folder exportedWithPermissions="true">
    <parent>/public/adhoc</parent>
    <name>topics</name>
    <label>Topics</label>
    <description>Topics</description>
    <creationDate>2018-04-26T15:30:41.023-07:00</creationDate>
    <updateDate>2018-04-26T15:30:41.023-07:00</updateDate>
    <resource>JSDiagnosticTopic</resource>
    <permission>
        <permissionMask>30</permissionMask>
        <recipient recipientType="role">ROLE_USER</recipient>
    </permission>
</folder>
