<?xml version="1.0" encoding="UTF-8"?>
<fileResource exportedWithPermissions="true" dataFile="dialog_button_capsule_sprite.png.data">
    <folder>/organizations/organization_1/themes/default/images</folder>
    <name>dialog_button_capsule_sprite.png</name>
    <version>0</version>
    <label>dialog_button_capsule_sprite.png</label>
    <creationDate>2020-08-04T22:10:22.000-07:00</creationDate>
    <updateDate>2020-08-04T22:10:22.000-07:00</updateDate>
    <fileType>img</fileType>
</fileResource>
