<?xml version="1.0" encoding="UTF-8"?>
<user>
    <username>jasperadmin</username>
    <fullName>jasperadmin User</fullName>
    <password>ENC&lt;4A52534956000000106A4EB74FED4C5B4E02E762949F17DAD3AB12EACB7139A12955EA14ACB611C088&gt;</password>
    <externallyDefined>false</externallyDefined>
    <enabled>true</enabled>
    <role>ROLE_ADMINISTRATOR</role>
    <role>ROLE_USER</role>
    <previousPasswordChangeTime>2021-10-29T02:03:25.000-07:00</previousPasswordChangeTime>
    <tenantId>organization_1</tenantId>
</user>
