<?xml version="1.0" encoding="UTF-8"?>
<user>
    <username>jasperadmin</username>
    <fullName>jasperadmin User</fullName>
    <password>ENC&lt;4A5253495600000010C646D5894CD9DE101A5CB41121561AACB6D6DA8F3BD980ACC95FEA069DAAF1A5&gt;</password>
    <externallyDefined>false</externallyDefined>
    <enabled>true</enabled>
    <role>ROLE_ADMINISTRATOR</role>
    <role>ROLE_USER</role>
    <previousPasswordChangeTime>2020-08-04T22:10:23.000-07:00</previousPasswordChangeTime>
    <tenantId>organization_1</tenantId>
</user>
