<?xml version="1.0" encoding="UTF-8"?>
<jdbcDataSource exportedWithPermissions="true">
    <folder>/organizations/organization_1/datasources</folder>
    <name>JServerJdbcDS</name>
    <version>0</version>
    <label>JServer Jdbc Data Source</label>
    <description>JServer Jdbc Data Source</description>
    <creationDate>2020-08-04T22:11:29.000-07:00</creationDate>
    <updateDate>2020-08-04T22:11:29.000-07:00</updateDate>
    <driver>org.mariadb.jdbc.Driver</driver>
    <connectionUrl>jdbc:mysql://ci-catalogs-mysql.jaspersoft.com:3306/suupdate?useUnicode=true&amp;amp;characterEncoding=UTF-8&amp;amp;autoReconnect=true&amp;amp;autoReconnectForPools=true&amp;amp;tinyInt1isBit=false&amp;amp;allowPublicKeyRetrieval=true</connectionUrl>
    <connectionUser>ci_agent</connectionUser>
    <connectionPassword>ENC&lt;4A5253495600000010A9D08A1E1129D93BB02F08C3D4859CA07ECE94DB2793782A80A93ABE85E5647D&gt;</connectionPassword>
</jdbcDataSource>
