<?xml version="1.0" encoding="UTF-8"?>
<xmlaConnection exportedWithPermissions="true">
    <folder>/organizations/organization_1/analysis/connections</folder>
    <name>SugarCRMXmlaConnection</name>
    <version>2</version>
    <label>SugarCRM XML/A Connection</label>
    <description>SugarCRM XML/A Connection</description>
    <creationDate>2022-07-13T16:52:15.505-07:00</creationDate>
    <updateDate>2022-07-13T16:52:52.230-07:00</updateDate>
    <connectionURL>http://localhost:8080/jasperserver-pro/xmla</connectionURL>
    <dataSource>Provider=Mondrian;DataSource=JRS</dataSource>
    <catalog>SugarCRM</catalog>
    <connectionUser>jasperadmin|organization_1</connectionUser>
    <connectionPassword>ENC&lt;4A525349560000001005B4BE90B37DB65CBC44A2391785A55AAC79CFCA4D8D2FDF282AA058E83AEB7A&gt;</connectionPassword>
</xmlaConnection>
