<?xml version="1.0" encoding="UTF-8"?>
<xmlaConnection exportedWithPermissions="true">
    <folder>/organizations/organization_1/analysis/connections</folder>
    <name>FoodmartXmlaConnection</name>
    <version>2</version>
    <label>Foodmart XML/A Connection</label>
    <description>Foodmart XML/A Connection</description>
    <creationDate>2020-08-04T22:11:29.524-07:00</creationDate>
    <updateDate>2020-08-04T22:11:42.883-07:00</updateDate>
    <connectionURL>http://localhost:8080/jasperserver-pro/xmla</connectionURL>
    <dataSource>Provider=Mondrian;DataSource=JRS</dataSource>
    <catalog>Foodmart</catalog>
    <connectionUser>jasperadmin|organization_1</connectionUser>
    <connectionPassword>ENC&lt;4A5253495600000010673A945A75107D7F4F30D7C4D2549BA8907591366603C1672765C2A40A7664D9&gt;</connectionPassword>
</xmlaConnection>
