<?xml version="1.0" encoding="UTF-8"?>
<xmlaConnection exportedWithPermissions="true">
    <folder>/analysis/connections</folder>
    <name>FoodmartXmlaConnection</name>
    <version>0</version>
    <label>Foodmart XML/A Connection</label>
    <description>Foodmart XML/A Connection</description>
    <creationDate>2022-07-13T16:32:39.000-07:00</creationDate>
    <updateDate>2022-07-13T16:32:39.000-07:00</updateDate>
    <connectionURL>http://localhost:8080/jasperserver/xmla</connectionURL>
    <dataSource>Provider=Mondrian;DataSource=JRS</dataSource>
    <catalog>Foodmart</catalog>
    <connectionUser>jasperadmin</connectionUser>
    <connectionPassword>ENC&lt;4A525349560000001026FDE397030B833510E8E6C95E9C2DCEB112539378C99B3E39931478B3BCB99D&gt;</connectionPassword>
</xmlaConnection>
