<?xml version="1.0" encoding="UTF-8"?>
<xmlaConnection exportedWithPermissions="true">
    <folder>/analysis/connections</folder>
    <name>SugarCRMXmlaConnection</name>
    <version>0</version>
    <label>SugarCRM XML/A Connection</label>
    <description>SugarCRM XML/A Connection</description>
    <creationDate>2023-04-19T04:10:55.000-07:00</creationDate>
    <updateDate>2023-04-19T04:10:55.000-07:00</updateDate>
    <connectionURL>http://localhost:8080/jasperserver/xmla</connectionURL>
    <dataSource>Provider=Mondrian;DataSource=JRS</dataSource>
    <catalog>SugarCRM</catalog>
    <connectionUser>jasperadmin</connectionUser>
    <connectionPassword>ENC&lt;4A52534956000000105EC25E86E9C5603241A1302244FFD0E03457071FAED78FF1CB0CD1B8607C16BB&gt;</connectionPassword>
</xmlaConnection>
