<?xml version="1.0" encoding="UTF-8"?>
<fileResource exportedWithPermissions="true" dataFile="recent_items_icons_sprite@1x.png.data">
    <folder>/organizations/organization_1/themes/default/images</folder>
    <name>recent_items_icons_sprite@1x.png</name>
    <version>0</version>
    <label>recent_items_icons_sprite@1x.png</label>
    <creationDate>2020-08-04T22:11:24.346-07:00</creationDate>
    <updateDate>2020-08-04T22:11:24.346-07:00</updateDate>
    <fileType>img</fileType>
</fileResource>
