<?xml version="1.0" encoding="UTF-8"?>
<xmlaConnection exportedWithPermissions="true">
    <folder>/organizations/organization_1/performance/connections</folder>
    <name>ProfileXmlaConnection</name>
    <version>1</version>
    <label>Profile XMLA Connection</label>
    <description>Profile XML/A Connection</description>
    <creationDate>2020-08-04T22:12:02.410-07:00</creationDate>
    <updateDate>2020-08-04T22:12:02.607-07:00</updateDate>
    <connectionURL>http://localhost:8080/jasperserver-pro/xmla</connectionURL>
    <dataSource>Provider=Mondrian;DataSource=JRS</dataSource>
    <catalog>Profile</catalog>
    <connectionUser>jasperadmin</connectionUser>
    <connectionPassword>ENC&lt;4A52534956000000103CD1F340B92F20AA1E5FB419BB8B1F8D25C0ED2F1167C8F751EE3FC695D42374&gt;</connectionPassword>
</xmlaConnection>
