<?xml version="1.0" encoding="UTF-8"?>
<user>
    <username>CaliforniaUser</username>
    <fullName>California User</fullName>
    <password>ENC&lt;4A5253495600000010905E04CF5718EDC647A079BA9D0784D8FF41EB914F2A88FCA8DAA49338100354&gt;</password>
    <externallyDefined>false</externallyDefined>
    <enabled>true</enabled>
    <role>ROLE_USER</role>
    <role>ROLE_SUPERMART_MANAGER</role>
    <attribute name="State">
        <value>CA</value>
    </attribute>
    <attribute name="Cities">
        <value>San Francisco, Oakland, San Jose</value>
    </attribute>
    <previousPasswordChangeTime>2020-08-04T22:11:42.932-07:00</previousPasswordChangeTime>
    <tenantId>organization_1</tenantId>
</user>
