<?xml version="1.0" encoding="UTF-8"?>
<user>
    <username>demo</username>
    <fullName>Demo User</fullName>
    <password>ENC&lt;4A5253495600000010698E0722AA67BCC645D6B0438DC21A966E8ACEC11BE4FB31174E008CC2C888AD&gt;</password>
    <externallyDefined>false</externallyDefined>
    <enabled>true</enabled>
    <role>ROLE_DEMO</role>
    <role>ROLE_USER</role>
    <previousPasswordChangeTime>2020-08-04T22:11:43.426-07:00</previousPasswordChangeTime>
    <tenantId>organization_1</tenantId>
</user>
