<?xml version="1.0" encoding="UTF-8"?>
<user>
    <username>jasperadmin</username>
    <fullName>jasperadmin User</fullName>
    <password>ENC&lt;4A5253495600000010499BF8079CCBB3A9ADBB51434A8BE5BF1C0063F601D03643001B3170CD63DC54&gt;</password>
    <externallyDefined>false</externallyDefined>
    <enabled>true</enabled>
    <role>ROLE_ADMINISTRATOR</role>
    <role>ROLE_USER</role>
    <previousPasswordChangeTime>2020-08-04T22:10:28.306-07:00</previousPasswordChangeTime>
    <tenantId>organization_1</tenantId>
</user>
