<?xml version="1.0" encoding="UTF-8"?>
<jdbcDataSource exportedWithPermissions="true">
    <folder>/analysis/datasources</folder>
    <name>SugarCRMDataSource</name>
    <version>0</version>
    <label>SugarCRM Data Source</label>
    <description>SugarCRM Data Source</description>
    <creationDate>2022-07-13T16:32:39.000-07:00</creationDate>
    <updateDate>2022-07-13T16:32:39.000-07:00</updateDate>
    <driver>org.mariadb.jdbc.Driver</driver>
    <connectionUrl>jdbc:mysql://ci-catalogs-na2-mysql.jaspersoft.com:3306/suupdate?useUnicode=true&amp;amp;characterEncoding=UTF-8&amp;amp;autoReconnectForPools=true&amp;amp;tinyInt1isBit=false&amp;amp;allowPublicKeyRetrieval=true</connectionUrl>
    <connectionUser>ci_agent</connectionUser>
    <connectionPassword>ENC&lt;4A5253495600000010FC9D0E899F5501D9349107010ECE5D9FEABD3308B9549C622EDDB47D6C08697E&gt;</connectionPassword>
</jdbcDataSource>
