<?xml version="1.0" encoding="UTF-8"?>
<jndiJdbcDataSource exportedWithPermissions="true">
    <folder>/organizations/organization_1/analysis/datasources</folder>
    <name>SugarCRMDataSourceJNDI</name>
    <version>0</version>
    <label>SugarCRM Data Source JNDI</label>
    <description>SugarCRM Data Source JNDI</description>
    <creationDate>2018-10-18T09:01:39.000-07:00</creationDate>
    <updateDate>2018-10-18T09:01:39.000-07:00</updateDate>
    <jndiName>jdbc/sugarcrm</jndiName>
</jndiJdbcDataSource>
