<?xml version="1.0" encoding="UTF-8"?>
<jdbcDataSource exportedWithPermissions="true">
    <folder>/organizations/organization_1/analysis/datasources</folder>
    <name>SugarCRMDataSource</name>
    <version>0</version>
    <label>SugarCRM Data Source</label>
    <description>SugarCRM Data Source</description>
    <creationDate>2020-08-04T22:11:29.000-07:00</creationDate>
    <updateDate>2020-08-04T22:11:29.000-07:00</updateDate>
    <driver>org.mariadb.jdbc.Driver</driver>
    <connectionUrl>jdbc:mysql://ci-catalogs-mysql.jaspersoft.com:3306/suupdate?useUnicode=true&amp;amp;characterEncoding=UTF-8&amp;amp;autoReconnect=true&amp;amp;autoReconnectForPools=true&amp;amp;tinyInt1isBit=false&amp;amp;allowPublicKeyRetrieval=true</connectionUrl>
    <connectionUser>ci_agent</connectionUser>
    <connectionPassword>ENC&lt;4A5253495600000010EF6B6821AE9C8A495353D06C00973CDDF5C16336E77DAD252DB9EF846C299651&gt;</connectionPassword>
</jdbcDataSource>
