<?xml version="1.0" encoding="UTF-8"?>
<user>
    <username>CaliforniaUser</username>
    <fullName>California User</fullName>
    <password>ENC&lt;4A52534956000000101143339E8BE387D490408765D56BE5B310487555DC5D3FFCE381BA50FE47F0C8&gt;</password>
    <externallyDefined>false</externallyDefined>
    <enabled>true</enabled>
    <role>ROLE_USER</role>
    <role>ROLE_SUPERMART_MANAGER</role>
    <attribute name="State">
        <value>CA</value>
    </attribute>
    <attribute name="Cities">
        <value>San Francisco, Oakland, San Jose</value>
    </attribute>
    <previousPasswordChangeTime>2020-08-04T22:12:02.640-07:00</previousPasswordChangeTime>
    <tenantId>organization_1</tenantId>
</user>
