<?xml version="1.0" encoding="UTF-8"?>
<user>
    <username>demo</username>
    <fullName>Demo User</fullName>
    <password>ENC&lt;4A52534956000000104F5EF7EAD7B89DA3D4A668B8D887BCD8729AC6E0C265F458B223F43802A41A46&gt;</password>
    <externallyDefined>false</externallyDefined>
    <enabled>true</enabled>
    <role>ROLE_DEMO</role>
    <role>ROLE_USER</role>
    <previousPasswordChangeTime>2020-08-04T22:12:03.633-07:00</previousPasswordChangeTime>
    <tenantId>organization_1</tenantId>
</user>
