<?xml version="1.0" encoding="UTF-8"?>
<user>
    <username>jasperadmin</username>
    <fullName>jasperadmin User</fullName>
    <password>ENC&lt;4A52534956000000106328FEC34C30177A1397429E7EB11612CFF4BC6D10C4ADBD517AE40C6E2C4A35&gt;</password>
    <externallyDefined>false</externallyDefined>
    <enabled>true</enabled>
    <role>ROLE_ADMINISTRATOR</role>
    <role>ROLE_USER</role>
    <previousPasswordChangeTime>2020-08-04T22:10:14.317-07:00</previousPasswordChangeTime>
    <tenantId>organization_1</tenantId>
</user>
