<?xml version="1.0" encoding="UTF-8"?>
<fileResource exportedWithPermissions="true" dataFile="dialog_button_capsule_sprite.png.data">
    <folder>/organizations/organization_1/themes/default/images</folder>
    <name>dialog_button_capsule_sprite.png</name>
    <version>0</version>
    <label>dialog_button_capsule_sprite.png</label>
    <creationDate>2018-10-18T09:27:08.504-07:00</creationDate>
    <updateDate>2018-10-18T09:27:08.504-07:00</updateDate>
    <fileType>img</fileType>
</fileResource>
