<?xml version="1.0" encoding="UTF-8"?>
<export><property name="keyalias" value="bdade3ee-cc80-4290-9204-173a46bcd943"/><module id="tenants"><organization>organizations</organization></module><module id="authority"><user>jasperadmin</user><user>anonymousUser</user><role>ROLE_ADMINISTRATOR</role><role>ROLE_USER</role><role>ROLE_ANONYMOUS</role></module><module id="repositoryResources"><folder>/</folder></module><module id="calendars"><calendar>New Years Days</calendar></module><module id="reportJobs"/><module id="favorites"/><property name="pathProcessorId" value="zip"/><property name="rootTenantId" value="organizations"/><property name="jsVersion" value="7.5.0 CE"/><property name="encrypted" value="4A525349560000001018BE09AC0FF74177D4D5CC7F5794FDC326A58417AD7FD360115F2D445BEAC4A2"/></export>