<?xml version="1.0" encoding="UTF-8"?>
<jdbcDataSource exportedWithPermissions="true">
    <folder>/organizations/organization_1/analysis/datasources</folder>
    <name>FoodmartDataSource</name>
    <version>0</version>
    <label>Foodmart Data Source</label>
    <description>Foodmart Data Source</description>
    <creationDate>2020-08-04T22:11:44.300-07:00</creationDate>
    <updateDate>2020-08-04T22:11:44.300-07:00</updateDate>
    <driver>tibcosoftware.jdbc.sqlserver.SQLServerDriver</driver>
    <connectionUrl>jdbc:tibcosoftware:sqlserver://db-sqlserver2014.jaspersoft.com:1433;databaseName=foupdate;sendTimestampEscapeAsString=false</connectionUrl>
    <connectionUser>sa</connectionUser>
    <connectionPassword>ENC&lt;4A5253495600000010CC32F76C77C84401454082FA9F1229726E2B37C2ABDCE015683AB02DDBEDA306&gt;</connectionPassword>
</jdbcDataSource>
