<?xml version="1.0" encoding="UTF-8"?>
<jdbcDataSource exportedWithPermissions="true">
    <folder>/organizations/organization_1/analysis/datasources</folder>
    <name>SugarCRMDataSource</name>
    <version>0</version>
    <label>SugarCRM Data Source</label>
    <description>SugarCRM Data Source</description>
    <creationDate>2020-08-04T22:11:44.383-07:00</creationDate>
    <updateDate>2020-08-04T22:11:44.383-07:00</updateDate>
    <driver>tibcosoftware.jdbc.sqlserver.SQLServerDriver</driver>
    <connectionUrl>jdbc:tibcosoftware:sqlserver://db-sqlserver2014.jaspersoft.com:1433;databaseName=suupdate;sendTimestampEscapeAsString=false</connectionUrl>
    <connectionUser>sa</connectionUser>
    <connectionPassword>ENC&lt;4A5253495600000010604F6C4B025035D7A51508F3ABAF6C27DE5B2656EEDA32DEB6580209F117F5B3&gt;</connectionPassword>
</jdbcDataSource>
