<?xml version="1.0" encoding="UTF-8"?>
<user>
    <username>jasperadmin</username>
    <fullName>jasperadmin User</fullName>
    <password>ENC&lt;4A5253495600000010E7D7184E209C68FD2E75999A5D433CA5DA6C8D9DB781E6979AB0E21063316C3C&gt;</password>
    <externallyDefined>false</externallyDefined>
    <enabled>true</enabled>
    <role>ROLE_ADMINISTRATOR</role>
    <role>ROLE_USER</role>
    <previousPasswordChangeTime>2020-08-04T22:10:28.306-07:00</previousPasswordChangeTime>
    <tenantId>organization_1</tenantId>
</user>
