<?xml version="1.0" encoding="UTF-8"?>
<user>
    <username>jasperadmin</username>
    <fullName>jasperadmin User</fullName>
    <password>ENC&lt;4A5253495600000010AEDB4C21E536A8AE2028D3FF341F17875FA090FA971029B866E9AD6926FF51AF&gt;</password>
    <externallyDefined>false</externallyDefined>
    <enabled>true</enabled>
    <role>ROLE_ADMINISTRATOR</role>
    <role>ROLE_USER</role>
    <previousPasswordChangeTime>2021-10-29T02:03:12.738-07:00</previousPasswordChangeTime>
    <tenantId>organization_1</tenantId>
</user>
