<?xml version="1.0" encoding="UTF-8"?>
<folder exportedWithPermissions="true">
    <parent>/</parent>
    <name>images</name>
    <label>Images</label>
    <description>Folder containing reusable images</description>
    <creationDate>2022-07-13T16:32:18.957-07:00</creationDate>
    <updateDate>2022-07-13T16:32:18.957-07:00</updateDate>
    <resource>JRLogo</resource>
    <permission>
        <permissionMask>32</permissionMask>
        <recipient recipientType="role">ROLE_USER</recipient>
    </permission>
</folder>
