<?xml version="1.0" encoding="UTF-8"?>
<jdbcDataSource exportedWithPermissions="true">
    <folder>/organizations/organization_1/analysis/datasources</folder>
    <name>FoodmartDataSource</name>
    <version>0</version>
    <label>Foodmart Data Source</label>
    <description>Foodmart Data Source</description>
    <creationDate>2020-08-04T22:12:25.970-07:00</creationDate>
    <updateDate>2020-08-04T22:12:25.970-07:00</updateDate>
    <driver>tibcosoftware.jdbc.db2.DB2Driver</driver>
    <connectionUrl>jdbc:tibcosoftware:db2://ci-catalogs-db2.jaspersoft.com:50000;DatabaseName=foupdate;AlternateId=foupdate</connectionUrl>
    <connectionUser>ci_agent</connectionUser>
    <connectionPassword>ENC&lt;4A5253495600000010A76B31A7E9B52BBA09C336B58C55DF5358D973ABA5A9231B15D5E4058AF6756F&gt;</connectionPassword>
</jdbcDataSource>
