<?xml version="1.0" encoding="UTF-8"?>
<jdbcDataSource exportedWithPermissions="true">
    <folder>/organizations/organization_1/analysis/datasources</folder>
    <name>SugarCRMDataSource</name>
    <version>0</version>
    <label>SugarCRM Data Source</label>
    <description>SugarCRM Data Source</description>
    <creationDate>2020-08-04T22:12:26.020-07:00</creationDate>
    <updateDate>2020-08-04T22:12:26.020-07:00</updateDate>
    <driver>tibcosoftware.jdbc.db2.DB2Driver</driver>
    <connectionUrl>jdbc:tibcosoftware:db2://ci-catalogs-db2.jaspersoft.com:50000;DatabaseName=suupdate;AlternateId=suupdate</connectionUrl>
    <connectionUser>ci_agent</connectionUser>
    <connectionPassword>ENC&lt;4A525349560000001002B35BD9BF9D056D4A503FB67A97D9183C6487E3B404882C53E4EE23177A947E&gt;</connectionPassword>
</jdbcDataSource>
