<?xml version="1.0" encoding="UTF-8"?>
<user>
    <username>demo</username>
    <fullName>Demo User</fullName>
    <password>ENC&lt;4A525349560000001095357E3DD7F7219D2B908B3405B092D5CF0AE2322C975B9694850AD47559CEA9&gt;</password>
    <externallyDefined>false</externallyDefined>
    <enabled>true</enabled>
    <role>ROLE_DEMO</role>
    <role>ROLE_USER</role>
    <previousPasswordChangeTime>2020-08-04T22:11:43.000-07:00</previousPasswordChangeTime>
    <tenantId>organization_1</tenantId>
</user>
