<?xml version="1.0" encoding="UTF-8"?>
<user>
    <username>jasperadmin</username>
    <fullName>jasperadmin User</fullName>
    <password>ENC&lt;4A525349560000001088520E12AA7B0EBCA07A416B2F5251B903E121C40A78F60C483C6A1419B54622&gt;</password>
    <externallyDefined>false</externallyDefined>
    <enabled>true</enabled>
    <role>ROLE_ADMINISTRATOR</role>
    <role>ROLE_USER</role>
    <previousPasswordChangeTime>2020-08-04T22:10:23.000-07:00</previousPasswordChangeTime>
    <tenantId>organization_1</tenantId>
</user>
