<?xml version="1.0" encoding="UTF-8"?>
<jdbcDataSource exportedWithPermissions="true">
    <folder>/organizations/organization_1/analysis/datasources</folder>
    <name>FoodmartDataSource</name>
    <version>0</version>
    <label>Foodmart Data Source</label>
    <description>Foodmart Data Source</description>
    <creationDate>2020-08-04T22:11:19.000-07:00</creationDate>
    <updateDate>2020-08-04T22:11:19.000-07:00</updateDate>
    <driver>tibcosoftware.jdbc.oracle.OracleDriver</driver>
    <connectionUrl>jdbc:tibcosoftware:oracle://db-oracle11.jaspersoft.com:1521;CatalogOptions=0;SID=ORCL</connectionUrl>
    <connectionUser>foodmart</connectionUser>
    <connectionPassword>ENC&lt;4A525349560000001041B84C173C3928E9A68A2BD39DA19C7B9A3E57F5CDEAD2B49E9713F350911966&gt;</connectionPassword>
</jdbcDataSource>
