<?xml version="1.0" encoding="UTF-8"?>
<jdbcDataSource exportedWithPermissions="true">
    <folder>/organizations/organization_1/analysis/datasources</folder>
    <name>SugarCRMDataSource</name>
    <version>0</version>
    <label>SugarCRM Data Source</label>
    <description>SugarCRM Data Source</description>
    <creationDate>2020-08-04T22:11:19.000-07:00</creationDate>
    <updateDate>2020-08-04T22:11:19.000-07:00</updateDate>
    <driver>tibcosoftware.jdbc.oracle.OracleDriver</driver>
    <connectionUrl>jdbc:tibcosoftware:oracle://db-oracle11.jaspersoft.com:1521;CatalogOptions=0;SID=ORCL</connectionUrl>
    <connectionUser>sugarcrm</connectionUser>
    <connectionPassword>ENC&lt;4A5253495600000010601EC817EEE755DC29F086B66E3D8D469F8E66EFDC56FA27E5BDE96E0E264C72&gt;</connectionPassword>
</jdbcDataSource>
